,xco2,xinsunadd,xintemp1,xsthum,yield_output
mysb2_1,0.2857991525483577,1.947974638380132,1.5122158454550405,1.0562028264475591,5705.79
