,xco2,xinsunadd,xintemp1,xsthum,yield_output
mysb6_6,0.2966327985240001,3.1284648599289797,1.0571593766019842,1.392112320773309,1759.67
mysb6_1,0.0,0.2605326371798682,1.2171586013329503,1.610266685598678,1090.28
mysb4_4,0.2589098540852063,1.7317771660889634,0.3435890846745015,0.7858096561554112,1671.79
mysb6_5,0.033354417814609995,2.6774683890687094,0.8104817217463718,2.0411660745061115,1267.36
